No.,Time,Source,Destination,Protocol,Length,Info,Target
1,0,192.168.0.235,239.255.255.250,SSDP,217,M-SEARCH * HTTP/1.1 ,1
2,0.128847,Routerbo_3f:8a:9d,Broadcast,ARP,60,Who has 14.102.45.22? Tell 14.102.45.17,1
3,0.178763,Routerbo_3f:8a:9d,Broadcast,ARP,60,Who has 14.102.45.28? Tell 14.102.45.17,1
4,0.211727,192.168.4.206,239.255.255.250,SSDP,217,M-SEARCH * HTTP/1.1 ,1
5,0.259913,192.168.0.53,36.255.253.181,TLSv1.2,249,Application Data,2
6,0.287215,36.255.253.181,192.168.0.53,TLSv1.2,132,Application Data,2
7,0.287318,192.168.0.53,36.255.253.181,TLSv1.2,531,Application Data,2
8,0.287531,36.255.253.181,192.168.0.53,TLSv1.2,316,Application Data,2
9,0.287531,36.255.253.181,192.168.0.53,TLSv1.2,87,Application Data,2
10,0.287613,192.168.0.53,36.255.253.181,TCP,54,55422  >  443 [ACK] Seq=673 Ack=374 Win=1022 Len=0,2
11,0.292575,36.255.253.181,192.168.0.53,TLSv1.2,97,Application Data,2
12,0.307738,Fortinet_78:f7:50,Broadcast,ARP,60,Who has 192.168.3.102? Tell 192.168.3.1,1
13,0.313952,36.255.253.181,192.168.0.53,TLSv1.2,132,Application Data,2
14,0.314052,192.168.0.53,36.255.253.181,TCP,54,55422  >  443 [ACK] Seq=673 Ack=495 Win=1022 Len=0,2
15,0.314266,36.255.253.181,192.168.0.53,TLSv1.2,504,Application Data,2
16,0.314266,36.255.253.181,192.168.0.53,TLSv1.2,87,Application Data,2
17,0.314361,192.168.0.53,36.255.253.181,TCP,54,55422  >  443 [ACK] Seq=673 Ack=978 Win=1026 Len=0,2
18,0.317762,36.255.253.181,192.168.0.53,TLSv1.2,97,Application Data,2
19,0.328865,Routerbo_3f:8a:9d,Broadcast,ARP,60,Who has 103.215.238.38? Tell 103.215.238.37,1
20,0.358524,192.168.0.53,36.255.253.181,TCP,54,55422  >  443 [ACK] Seq=673 Ack=1021 Win=1026 Len=0,2
21,0.43272,Routerbo_3f:8a:9d,Broadcast,ARP,60,Who has 103.215.238.162? Tell 103.215.238.161,1
22,0.457925,Routerbo_3f:8a:9d,Broadcast,ARP,60,Who has 103.215.238.166? Tell 103.215.238.165,1
23,0.478722,Routerbo_3f:8a:9d,Broadcast,ARP,60,Who has 14.102.45.25? Tell 14.102.45.17,1
24,0.506886,192.168.4.190,239.255.255.250,SSDP,217,M-SEARCH * HTTP/1.1 ,1
25,0.548747,Routerbo_3f:8a:9d,Broadcast,ARP,60,Who has 14.102.45.23? Tell 14.102.45.17,1
26,0.618712,Routerbo_3f:8a:9d,Broadcast,ARP,60,Who has 14.102.45.24? Tell 14.102.45.17,1
27,0.724395,192.168.3.130,239.255.255.250,SSDP,217,M-SEARCH * HTTP/1.1 ,1
28,0.748876,Routerbo_3f:8a:9d,Broadcast,ARP,60,Who has 14.102.45.20? Tell 14.102.45.17,1
29,0.808785,Routerbo_3f:8a:9d,Broadcast,ARP,60,Who has 14.102.45.18? Tell 14.102.45.17,1
30,1.001696,192.168.0.235,239.255.255.250,SSDP,217,M-SEARCH * HTTP/1.1 ,1
31,1.178728,Routerbo_3f:8a:9d,Broadcast,ARP,60,Who has 14.102.45.28? Tell 14.102.45.17,1
32,1.277088,192.168.0.65,239.255.255.250,SSDP,217,M-SEARCH * HTTP/1.1 ,1
33,1.307601,Fortinet_78:f7:50,Broadcast,ARP,60,Who has 192.168.3.102? Tell 192.168.3.1,1
34,1.328786,Routerbo_3f:8a:9d,Broadcast,ARP,60,Who has 103.215.238.38? Tell 103.215.238.37,1
35,1.428737,Routerbo_3f:8a:9d,Broadcast,ARP,60,Who has 103.215.238.162? Tell 103.215.238.161,1
36,1.448725,Routerbo_3f:8a:9d,Broadcast,ARP,60,Who has 103.215.238.166? Tell 103.215.238.165,1
37,1.475469,Routerbo_3f:8a:9d,Broadcast,ARP,60,Who has 14.102.45.22? Tell 14.102.45.17,1
38,1.478742,Routerbo_3f:8a:9d,Broadcast,ARP,60,Who has 14.102.45.25? Tell 14.102.45.17,1
39,1.514207,192.168.4.190,239.255.255.250,SSDP,217,M-SEARCH * HTTP/1.1 ,1
40,1.647075,192.168.0.212,239.255.255.250,SSDP,217,M-SEARCH * HTTP/1.1 ,1
41,1.685656,192.168.3.136,239.255.255.250,SSDP,217,M-SEARCH * HTTP/1.1 ,1
42,1.702193,192.168.0.53,34.160.152.31,TCP,55,55405  >  443 [ACK] Seq=1 Ack=1 Win=1025 Len=1 [TCP segment of a reassembled PDU],2
43,1.714744,34.160.152.31,192.168.0.53,TCP,66,443  >  55405 [ACK] Seq=1 Ack=2 Win=314 Len=0 SLE=1 SRE=2,2
44,1.732446,192.168.3.130,239.255.255.250,SSDP,217,M-SEARCH * HTTP/1.1 ,1
45,1.748697,Routerbo_3f:8a:9d,Broadcast,ARP,60,Who has 14.102.45.20? Tell 14.102.45.17,1
46,1.808749,Routerbo_3f:8a:9d,Broadcast,ARP,60,Who has 14.102.45.18? Tell 14.102.45.17,1
47,1.876557,192.168.0.53,239.255.255.250,SSDP,217,M-SEARCH * HTTP/1.1 ,1
48,2.003963,192.168.0.235,239.255.255.250,SSDP,217,M-SEARCH * HTTP/1.1 ,1
49,2.153378,Routerbo_3f:8a:9d,Broadcast,ARP,60,Who has 103.215.238.30? Tell 103.215.238.29,1
50,2.276585,AioLcdPc_1a:e6:cb,Broadcast,ARP,60,Who has 192.168.0.254? Tell 192.168.0.39,1
51,2.27862,192.168.0.65,239.255.255.250,SSDP,217,M-SEARCH * HTTP/1.1 ,1
52,2.307582,Fortinet_78:f7:50,Broadcast,ARP,60,Who has 192.168.3.102? Tell 192.168.3.1,1
53,2.355302,192.168.0.55,192.168.0.255,NBNS,92,Name query NB CENTOS-8<20>,2
54,2.356528,192.168.0.55,224.0.0.251,MDNS,74,"Standard query 0x0000 A CENTOS-8.local, ""QM"" question",2
55,2.358086,192.168.0.55,224.0.0.251,MDNS,74,"Standard query 0x0000 AAAA CENTOS-8.local, ""QM"" question",2
56,2.360906,192.168.0.55,224.0.0.252,LLMNR,68,Standard query 0xb82e A CENTOS-8,2
57,2.362852,192.168.0.55,224.0.0.252,LLMNR,68,Standard query 0x5b24 AAAA CENTOS-8,2
58,2.428884,Routerbo_3f:8a:9d,Broadcast,ARP,60,Who has 103.215.238.162? Tell 103.215.238.161,1
59,2.448806,Routerbo_3f:8a:9d,Broadcast,ARP,60,Who has 103.215.238.166? Tell 103.215.238.165,1
60,2.468708,Routerbo_3f:8a:9d,Broadcast,ARP,60,Who has 14.102.45.22? Tell 14.102.45.17,1
61,2.469545,Routerbo_3f:8a:9d,Broadcast,ARP,60,Who has 14.102.45.26? Tell 14.102.45.17,1
62,2.648321,192.168.0.212,239.255.255.250,SSDP,217,M-SEARCH * HTTP/1.1 ,1
63,2.695484,192.168.3.136,239.255.255.250,SSDP,217,M-SEARCH * HTTP/1.1 ,1
64,2.700071,192.168.4.165,239.255.255.250,SSDP,217,M-SEARCH * HTTP/1.1 ,1
65,2.740448,192.168.3.130,239.255.255.250,SSDP,217,M-SEARCH * HTTP/1.1 ,1
66,2.771902,192.168.0.55,224.0.0.252,LLMNR,68,Standard query 0xb82e A CENTOS-8,2
67,2.772963,192.168.0.55,224.0.0.252,LLMNR,68,Standard query 0x5b24 AAAA CENTOS-8,2
68,2.807337,192.168.0.53,36.255.253.181,TLSv1.2,249,Application Data,2
69,2.813048,192.168.0.40,239.255.255.250,SSDP,217,M-SEARCH * HTTP/1.1 ,1
70,2.83497,36.255.253.181,192.168.0.53,TLSv1.2,132,Application Data,2
71,2.835073,192.168.0.53,36.255.253.181,TLSv1.2,531,Application Data,2
72,2.835284,36.255.253.181,192.168.0.53,TLSv1.2,316,Application Data,2
73,2.835284,36.255.253.181,192.168.0.53,TLSv1.2,87,Application Data,2
74,2.835364,192.168.0.53,36.255.253.181,TCP,54,55422  >  443 [ACK] Seq=1345 Ack=1394 Win=1024 Len=0,2
75,2.839222,36.255.253.181,192.168.0.53,TLSv1.2,97,Application Data,2
76,2.861959,36.255.253.181,192.168.0.53,TLSv1.2,132,Application Data,2
77,2.862051,192.168.0.53,36.255.253.181,TCP,54,55422  >  443 [ACK] Seq=1345 Ack=1515 Win=1024 Len=0,2
78,2.86227,36.255.253.181,192.168.0.53,TLSv1.2,504,Application Data,2
79,2.86252,36.255.253.181,192.168.0.53,TLSv1.2,87,Application Data,2
80,2.862571,192.168.0.53,36.255.253.181,TCP,54,55422  >  443 [ACK] Seq=1345 Ack=1998 Win=1022 Len=0,2
81,2.866539,36.255.253.181,192.168.0.53,TLSv1.2,97,Application Data,2
82,2.889727,192.168.0.53,239.255.255.250,SSDP,217,M-SEARCH * HTTP/1.1 ,1
83,2.920822,192.168.0.53,36.255.253.181,TCP,54,55422  >  443 [ACK] Seq=1345 Ack=2041 Win=1022 Len=0,2
84,2.979354,Routerbo_3f:8a:9d,Broadcast,ARP,60,Who has 14.102.45.27? Tell 14.102.45.17,1
85,2.990448,Routerbo_3f:8a:9d,Broadcast,ARP,60,Who has 14.102.45.30? Tell 14.102.45.17,1
86,2.999041,AioLcdPc_1a:e6:cb,Broadcast,ARP,60,Who has 192.168.0.254? Tell 192.168.0.39,1
87,3.092686,192.168.0.53,142.250.182.78,TCP,55,55446  >  443 [ACK] Seq=1 Ack=1 Win=1020 Len=1 [TCP segment of a reassembled PDU],2
88,3.104751,142.250.182.78,192.168.0.53,TCP,66,443  >  55446 [ACK] Seq=1 Ack=2 Win=264 Len=0 SLE=1 SRE=2,2
89,3.111206,Routerbo_3f:8a:9d,Broadcast,ARP,60,Who has 103.215.238.146? Tell 103.215.238.145,1
90,3.148828,Routerbo_3f:8a:9d,Broadcast,ARP,60,Who has 103.215.238.30? Tell 103.215.238.29,1
91,3.279093,192.168.0.65,239.255.255.250,SSDP,217,M-SEARCH * HTTP/1.1 ,1
92,3.327048,192.168.0.53,142.250.182.78,TCP,55,55447  >  443 [ACK] Seq=1 Ack=1 Win=1020 Len=1 [TCP segment of a reassembled PDU],2
93,3.340173,142.250.182.78,192.168.0.53,TCP,66,443  >  55447 [ACK] Seq=1 Ack=2 Win=264 Len=0 SLE=1 SRE=2,2
94,3.355717,192.168.0.55,224.0.0.251,MDNS,74,"Standard query 0x0000 A CENTOS-8.local, ""QM"" question",2
95,3.357816,192.168.0.55,224.0.0.251,MDNS,74,"Standard query 0x0000 AAAA CENTOS-8.local, ""QM"" question",2
96,3.374481,192.168.0.55,224.0.0.251,MDNS,74,"Standard query 0x0000 A CENTOS-8.local, ""QM"" question",2
97,3.37605,192.168.0.55,224.0.0.251,MDNS,74,"Standard query 0x0000 AAAA CENTOS-8.local, ""QM"" question",2
98,3.380035,192.168.0.55,224.0.0.252,LLMNR,68,Standard query 0x55ff A CENTOS-8,2
99,3.382889,192.168.0.55,224.0.0.252,LLMNR,68,Standard query 0xac47 AAAA CENTOS-8,2
100,3.400042,Routerbo_3f:8a:9d,Broadcast,ARP,60,Who has 103.215.238.134? Tell 103.215.238.133,1
101,3.417154,192.168.0.35,239.255.255.250,SSDP,217,M-SEARCH * HTTP/1.1 ,1
102,3.468674,Routerbo_3f:8a:9d,Broadcast,ARP,60,Who has 14.102.45.26? Tell 14.102.45.17,1
103,3.468841,Routerbo_3f:8a:9d,Broadcast,ARP,60,Who has 14.102.45.22? Tell 14.102.45.17,1
104,3.664234,192.168.0.212,239.255.255.250,SSDP,217,M-SEARCH * HTTP/1.1 ,1
105,3.688618,192.168.0.79,239.255.255.250,SSDP,217,M-SEARCH * HTTP/1.1 ,1
106,3.693469,192.168.0.91,239.255.255.250,SSDP,217,M-SEARCH * HTTP/1.1 ,1
107,3.705349,192.168.3.136,239.255.255.250,SSDP,217,M-SEARCH * HTTP/1.1 ,1
108,3.709465,192.168.4.165,239.255.255.250,SSDP,217,M-SEARCH * HTTP/1.1 ,1
109,3.790485,192.168.0.55,224.0.0.252,LLMNR,68,Standard query 0x55ff A CENTOS-8,2
110,3.792594,192.168.0.55,224.0.0.252,LLMNR,68,Standard query 0xac47 AAAA CENTOS-8,2
111,3.813852,192.168.0.40,239.255.255.250,SSDP,217,M-SEARCH * HTTP/1.1 ,1
112,3.82285,192.168.0.226,239.255.255.250,SSDP,217,M-SEARCH * HTTP/1.1 ,1
113,3.905261,192.168.0.53,239.255.255.250,SSDP,217,M-SEARCH * HTTP/1.1 ,1
114,3.978714,Routerbo_3f:8a:9d,Broadcast,ARP,60,Who has 14.102.45.27? Tell 14.102.45.17,1
115,3.988684,Routerbo_3f:8a:9d,Broadcast,ARP,60,Who has 14.102.45.30? Tell 14.102.45.17,1
116,3.999224,AioLcdPc_1a:e6:cb,Broadcast,ARP,60,Who has 192.168.0.254? Tell 192.168.0.39,1
117,4.011193,Routerbo_3f:8a:9d,Broadcast,ARP,60,Who has 103.215.238.162? Tell 103.215.238.161,1
118,4.108739,Routerbo_3f:8a:9d,Broadcast,ARP,60,Who has 103.215.238.146? Tell 103.215.238.145,1
119,4.148726,Routerbo_3f:8a:9d,Broadcast,ARP,60,Who has 103.215.238.30? Tell 103.215.238.29,1
120,4.279913,192.168.0.65,239.255.255.250,SSDP,217,M-SEARCH * HTTP/1.1 ,1
121,4.307583,Fortinet_78:f7:50,Broadcast,ARP,60,Who has 192.168.3.102? Tell 192.168.3.1,1
122,4.373969,192.168.0.55,224.0.0.251,MDNS,74,"Standard query 0x0000 A CENTOS-8.local, ""QM"" question",2
123,4.375966,192.168.0.55,224.0.0.251,MDNS,74,"Standard query 0x0000 AAAA CENTOS-8.local, ""QM"" question",2
124,4.379759,192.168.0.55,224.0.0.251,MDNS,74,"Standard query 0x0000 A CENTOS-8.local, ""QM"" question",2
125,4.38101,192.168.0.55,224.0.0.251,MDNS,74,"Standard query 0x0000 AAAA CENTOS-8.local, ""QM"" question",2
126,4.385106,192.168.0.55,224.0.0.252,LLMNR,68,Standard query 0xd99a A CENTOS-8,2
127,4.387995,192.168.0.55,224.0.0.252,LLMNR,68,Standard query 0xff4b AAAA CENTOS-8,2
128,4.398729,Routerbo_3f:8a:9d,Broadcast,ARP,60,Who has 103.215.238.134? Tell 103.215.238.133,1
129,4.417888,192.168.0.35,239.255.255.250,SSDP,217,M-SEARCH * HTTP/1.1 ,1
130,4.4439,Routerbo_3f:8a:9d,Broadcast,ARP,60,Who has 103.215.238.22? Tell 103.215.238.21,1
131,4.468694,Routerbo_3f:8a:9d,Broadcast,ARP,60,Who has 14.102.45.26? Tell 14.102.45.17,1
132,4.645416,192.168.0.212,239.255.255.250,SSDP,217,M-SEARCH * HTTP/1.1 ,1
133,4.676036,192.168.0.30,239.255.255.250,SSDP,312,NOTIFY * HTTP/1.1  ,1
134,4.676338,192.168.0.30,239.255.255.250,SSDP,321,NOTIFY * HTTP/1.1  ,1
135,4.676671,192.168.0.30,239.255.255.250,SSDP,384,NOTIFY * HTTP/1.1  ,1
136,4.677045,192.168.0.30,239.255.255.250,SSDP,376,NOTIFY * HTTP/1.1  ,1
137,4.677396,192.168.0.30,239.255.255.250,SSDP,321,NOTIFY * HTTP/1.1  ,1
138,4.677768,192.168.0.30,239.255.255.250,SSDP,360,NOTIFY * HTTP/1.1  ,1
139,4.678138,192.168.0.30,239.255.255.250,SSDP,392,NOTIFY * HTTP/1.1  ,1
140,4.67849,192.168.0.30,239.255.255.250,SSDP,321,NOTIFY * HTTP/1.1  ,1
141,4.678893,192.168.0.30,239.255.255.250,SSDP,380,NOTIFY * HTTP/1.1  ,1
142,4.679237,192.168.0.30,239.255.255.250,SSDP,386,NOTIFY * HTTP/1.1  ,1
143,4.679639,192.168.0.30,239.255.255.250,SSDP,374,NOTIFY * HTTP/1.1  ,1
144,4.680013,192.168.0.30,239.255.255.250,SSDP,380,NOTIFY * HTTP/1.1  ,1
145,4.680411,192.168.0.30,239.255.255.250,SSDP,310,NOTIFY * HTTP/1.1  ,1
146,4.680729,192.168.0.30,239.255.255.250,SSDP,319,NOTIFY * HTTP/1.1  ,1
147,4.681178,192.168.0.30,239.255.255.250,SSDP,374,NOTIFY * HTTP/1.1  ,1
148,4.681592,192.168.0.30,239.255.255.250,SSDP,384,NOTIFY * HTTP/1.1  ,1
149,4.689635,192.168.0.79,239.255.255.250,SSDP,217,M-SEARCH * HTTP/1.1 ,1
150,4.704135,192.168.0.91,239.255.255.250,SSDP,217,M-SEARCH * HTTP/1.1 ,1
151,4.717317,192.168.3.136,239.255.255.250,SSDP,217,M-SEARCH * HTTP/1.1 ,1
152,4.725072,192.168.4.165,239.255.255.250,SSDP,217,M-SEARCH * HTTP/1.1 ,1
153,4.795291,192.168.0.55,224.0.0.252,LLMNR,68,Standard query 0xd99a A CENTOS-8,2
154,4.798271,192.168.0.55,224.0.0.252,LLMNR,68,Standard query 0xff4b AAAA CENTOS-8,2
155,4.814146,192.168.0.40,239.255.255.250,SSDP,217,M-SEARCH * HTTP/1.1 ,1
156,4.829466,192.168.0.226,239.255.255.250,SSDP,217,M-SEARCH * HTTP/1.1 ,1
157,4.920798,192.168.0.53,239.255.255.250,SSDP,217,M-SEARCH * HTTP/1.1 ,1
158,4.956702,Routerbo_3f:8a:9d,Broadcast,ARP,60,Who has 14.102.45.22? Tell 14.102.45.17,1
159,4.978681,Routerbo_3f:8a:9d,Broadcast,ARP,60,Who has 14.102.45.27? Tell 14.102.45.17,1
160,4.98868,Routerbo_3f:8a:9d,Broadcast,ARP,60,Who has 14.102.45.30? Tell 14.102.45.17,1
161,5.008689,Routerbo_3f:8a:9d,Broadcast,ARP,60,Who has 103.215.238.162? Tell 103.215.238.161,1
162,5.108857,Routerbo_3f:8a:9d,Broadcast,ARP,60,Who has 103.215.238.146? Tell 103.215.238.145,1
163,5.194894,Routerbo_3f:8a:9d,Broadcast,ARP,60,Who has 14.102.45.24? Tell 14.102.45.17,1
164,5.253843,Routerbo_3f:8a:9d,Broadcast,ARP,60,Who has 103.215.238.166? Tell 103.215.238.165,1
165,5.307739,Fortinet_78:f7:50,Broadcast,ARP,60,Who has 192.168.3.102? Tell 192.168.3.1,1
166,5.37994,192.168.0.55,224.0.0.251,MDNS,74,"Standard query 0x0000 A CENTOS-8.local, ""QM"" question",2
167,5.380932,192.168.0.55,224.0.0.251,MDNS,74,"Standard query 0x0000 AAAA CENTOS-8.local, ""QM"" question",2
168,5.384029,192.168.0.55,192.168.0.255,BROWSER,216,Get Backup List Request,2
169,5.384144,192.168.0.55,192.168.0.255,NBNS,92,Name query NB WORKGROUP<1b>,2
170,5.398797,Routerbo_3f:8a:9d,Broadcast,ARP,60,Who has 103.215.238.134? Tell 103.215.238.133,1
171,5.417929,192.168.0.35,239.255.255.250,SSDP,217,M-SEARCH * HTTP/1.1 ,1
172,5.438712,Routerbo_3f:8a:9d,Broadcast,ARP,60,Who has 103.215.238.22? Tell 103.215.238.21,1
173,5.495265,192.168.4.214,239.255.255.250,SSDP,217,M-SEARCH * HTTP/1.1 ,1
174,5.564681,Routerbo_3f:8a:9d,Broadcast,ARP,60,Who has 103.215.238.30? Tell 103.215.238.29,1
175,5.697651,192.168.0.79,239.255.255.250,SSDP,217,M-SEARCH * HTTP/1.1 ,1
176,5.712865,192.168.0.91,239.255.255.250,SSDP,217,M-SEARCH * HTTP/1.1 ,1
177,5.740687,192.168.4.165,239.255.255.250,SSDP,217,M-SEARCH * HTTP/1.1 ,1
178,5.81505,192.168.0.40,239.255.255.250,SSDP,217,M-SEARCH * HTTP/1.1 ,1
179,5.835116,192.168.0.226,239.255.255.250,SSDP,217,M-SEARCH * HTTP/1.1 ,1
180,5.871839,Routerbo_3f:8a:9d,Broadcast,ARP,60,Who has 14.102.45.23? Tell 14.102.45.17,1
181,5.948717,Routerbo_3f:8a:9d,Broadcast,ARP,60,Who has 14.102.45.22? Tell 14.102.45.17,1
182,6.008683,Routerbo_3f:8a:9d,Broadcast,ARP,60,Who has 103.215.238.162? Tell 103.215.238.161,1
183,6.100362,Routerbo_3f:8a:9d,Broadcast,ARP,60,Who has 14.102.45.25? Tell 14.102.45.17,1
184,6.134925,192.168.0.55,192.168.0.255,NBNS,92,Name query NB WORKGROUP<1b>,2
185,6.188798,Routerbo_3f:8a:9d,Broadcast,ARP,60,Who has 14.102.45.24? Tell 14.102.45.17,1
186,6.195631,ASUSTekC_e0:6a:66,Broadcast,ARP,60,Who has 192.168.4.158? Tell 192.168.4.183,1
187,6.248826,Routerbo_3f:8a:9d,Broadcast,ARP,60,Who has 103.215.238.166? Tell 103.215.238.165,1
188,6.30763,Fortinet_78:f7:50,Broadcast,ARP,60,Who has 192.168.3.102? Tell 192.168.3.1,1
189,6.41711,192.168.0.238,239.255.255.250,SSDP,217,M-SEARCH * HTTP/1.1 ,1
190,6.417959,192.168.0.35,239.255.255.250,SSDP,217,M-SEARCH * HTTP/1.1 ,1
191,6.43881,Routerbo_3f:8a:9d,Broadcast,ARP,60,Who has 103.215.238.22? Tell 103.215.238.21,1
192,6.484726,192.168.0.58,192.168.0.255,SMB Mailslot,248,Write Mail Slot,2
193,6.49744,192.168.4.214,239.255.255.250,SSDP,217,M-SEARCH * HTTP/1.1 ,1
194,6.558711,Routerbo_3f:8a:9d,Broadcast,ARP,60,Who has 103.215.238.30? Tell 103.215.238.29,1
195,6.630567,Routerbo_3f:8a:9d,Broadcast,ARP,60,Who has 103.215.238.134? Tell 103.215.238.133,1
196,6.631363,36.255.253.181,192.168.0.53,TLSv1.2,87,Application Data,2
197,6.686207,192.168.0.53,36.255.253.181,TCP,54,55422  >  443 [ACK] Seq=1345 Ack=2074 Win=1022 Len=0,2
198,6.703315,192.168.0.79,239.255.255.250,SSDP,217,M-SEARCH * HTTP/1.1 ,1
199,6.716755,192.168.0.91,239.255.255.250,SSDP,217,M-SEARCH * HTTP/1.1 ,1
200,6.846138,192.168.0.226,239.255.255.250,SSDP,217,M-SEARCH * HTTP/1.1 ,1
201,6.85408,192.168.0.53,36.255.253.181,TLSv1.2,249,Application Data,2
202,6.868742,Routerbo_3f:8a:9d,Broadcast,ARP,60,Who has 14.102.45.23? Tell 14.102.45.17,1
203,6.882762,36.255.253.181,192.168.0.53,TLSv1.2,132,Application Data,2
204,6.882762,36.255.253.181,192.168.0.53,TLSv1.2,316,Application Data,2
205,6.882762,36.255.253.181,192.168.0.53,TLSv1.2,87,Application Data,2
206,6.882975,192.168.0.53,36.255.253.181,TLSv1.2,526,Application Data,2
207,6.886704,192.168.0.55,192.168.0.255,NBNS,92,Name query NB WORKGROUP<1b>,2
208,6.948743,Routerbo_3f:8a:9d,Broadcast,ARP,60,Who has 14.102.45.22? Tell 14.102.45.17,1
209,6.955802,36.255.253.181,192.168.0.53,TLSv1.2,97,Application Data,2
210,6.956121,36.255.253.181,192.168.0.53,TLSv1.2,132,Application Data,2
211,6.956121,36.255.253.181,192.168.0.53,TLSv1.2,499,Application Data,2
212,6.956121,36.255.253.181,192.168.0.53,TLSv1.2,87,Application Data,2
213,6.956285,192.168.0.53,36.255.253.181,TCP,54,55422  >  443 [ACK] Seq=2012 Ack=3046 Win=1024 Len=0,2
214,6.959927,36.255.253.181,192.168.0.53,TLSv1.2,97,Application Data,2
215,7.014296,192.168.0.53,36.255.253.181,TCP,54,55422  >  443 [ACK] Seq=2012 Ack=3089 Win=1024 Len=0,2
216,7.10182,Routerbo_3f:8a:9d,Broadcast,ARP,60,Who has 14.102.45.25? Tell 14.102.45.17,1
217,7.11173,192.168.4.184,239.255.255.250,SSDP,217,M-SEARCH * HTTP/1.1 ,1
218,7.144505,192.168.0.27,224.0.0.1,IGMPv2,60,"Membership Query, general",2
219,7.148328,Routerbo_3f:8a:9d,Broadcast,ARP,60,Who has 14.102.45.28? Tell 14.102.45.17,1
220,7.186061,192.168.0.90,224.0.0.251,IGMPv2,60,Membership Report group 224.0.0.251,2
221,7.188717,Routerbo_3f:8a:9d,Broadcast,ARP,60,Who has 14.102.45.24? Tell 14.102.45.17,1
222,7.193699,192.168.0.13,224.0.0.252,IGMPv2,60,Membership Report group 224.0.0.252,2
223,7.202802,192.168.4.183,239.255.255.250,IGMPv2,60,Membership Report group 239.255.255.250,2
224,7.248723,Routerbo_3f:8a:9d,Broadcast,ARP,60,Who has 103.215.238.166? Tell 103.215.238.165,1
225,7.429261,192.168.0.238,239.255.255.250,SSDP,217,M-SEARCH * HTTP/1.1 ,1
226,7.497069,192.168.0.43,224.0.0.252,LLMNR,64,Standard query 0x9581 A wpad,2
227,7.504819,192.168.4.214,239.255.255.250,SSDP,217,M-SEARCH * HTTP/1.1 ,1
228,7.558655,Routerbo_3f:8a:9d,Broadcast,ARP,60,Who has 103.215.238.30? Tell 103.215.238.29,1
229,7.561037,192.168.0.54,192.168.0.255,BROWSER,243,"Host Announcement DESKTOP-F54TT4J, Workstation, Server, SQL Server, NT Workstation",2
230,7.596694,192.168.0.43,224.0.0.252,LLMNR,64,Standard query 0x9581 A wpad,2
231,7.628691,Routerbo_3f:8a:9d,Broadcast,ARP,60,Who has 103.215.238.134? Tell 103.215.238.133,1
232,7.640025,192.168.0.55,224.0.0.251,MDNS,74,"Standard query 0x0000 A CENTOS-8.local, ""QM"" question",2
233,7.641546,192.168.0.55,224.0.0.251,MDNS,74,"Standard query 0x0000 AAAA CENTOS-8.local, ""QM"" question",2
234,7.645583,192.168.0.55,224.0.0.252,LLMNR,68,Standard query 0x06f5 A CENTOS-8,2
235,7.648479,192.168.0.55,224.0.0.252,LLMNR,68,Standard query 0xb121 AAAA CENTOS-8,2
236,7.67137,192.168.0.30,239.255.255.250,SSDP,312,NOTIFY * HTTP/1.1  ,1
237,7.671725,192.168.0.30,239.255.255.250,SSDP,321,NOTIFY * HTTP/1.1  ,1
238,7.672112,192.168.0.30,239.255.255.250,SSDP,384,NOTIFY * HTTP/1.1  ,1
239,7.672491,192.168.0.30,239.255.255.250,SSDP,376,NOTIFY * HTTP/1.1  ,1
240,7.672867,192.168.0.30,239.255.255.250,SSDP,321,NOTIFY * HTTP/1.1  ,1
241,7.673217,192.168.0.30,239.255.255.250,SSDP,360,NOTIFY * HTTP/1.1  ,1
242,7.673597,192.168.0.30,239.255.255.250,SSDP,392,NOTIFY * HTTP/1.1  ,1
243,7.673947,192.168.0.30,239.255.255.250,SSDP,321,NOTIFY * HTTP/1.1  ,1
244,7.674333,192.168.0.30,239.255.255.250,SSDP,380,NOTIFY * HTTP/1.1  ,1
245,7.674711,192.168.0.30,239.255.255.250,SSDP,386,NOTIFY * HTTP/1.1  ,1
246,7.675088,192.168.0.30,239.255.255.250,SSDP,374,NOTIFY * HTTP/1.1  ,1
247,7.675462,192.168.0.30,239.255.255.250,SSDP,380,NOTIFY * HTTP/1.1  ,1
248,7.675821,192.168.0.30,239.255.255.250,SSDP,310,NOTIFY * HTTP/1.1  ,1
249,7.676183,192.168.0.30,239.255.255.250,SSDP,319,NOTIFY * HTTP/1.1  ,1
250,7.676568,192.168.0.30,239.255.255.250,SSDP,374,NOTIFY * HTTP/1.1  ,1
251,7.67695,192.168.0.30,239.255.255.250,SSDP,384,NOTIFY * HTTP/1.1  ,1
252,7.689692,192.168.3.138,239.255.255.250,SSDP,217,M-SEARCH * HTTP/1.1 ,1
253,7.797042,192.168.0.43,192.168.0.255,NBNS,92,Name query NB WPAD<00>,2
254,7.857983,192.168.0.87,192.168.0.255,BROWSER,243,"Host Announcement DESKTOP-1469UTE, Workstation, Server, NT Workstation",2
255,7.868684,Routerbo_3f:8a:9d,Broadcast,ARP,60,Who has 14.102.45.23? Tell 14.102.45.17,1
256,8.012835,192.168.0.24,239.255.255.250,SSDP,339,NOTIFY * HTTP/1.1 ,1
257,8.056467,192.168.0.55,224.0.0.252,LLMNR,68,Standard query 0x06f5 A CENTOS-8,2
258,8.06112,192.168.0.55,224.0.0.252,LLMNR,68,Standard query 0xb121 AAAA CENTOS-8,2
259,8.066601,192.168.0.75,239.255.255.250,SSDP,217,M-SEARCH * HTTP/1.1 ,1
260,8.098703,Routerbo_3f:8a:9d,Broadcast,ARP,60,Who has 14.102.45.25? Tell 14.102.45.17,1
261,8.116995,192.168.0.24,239.255.255.250,SSDP,330,NOTIFY * HTTP/1.1 ,1
262,8.117729,192.168.4.184,239.255.255.250,SSDP,217,M-SEARCH * HTTP/1.1 ,1
263,8.138689,Routerbo_3f:8a:9d,Broadcast,ARP,60,Who has 14.102.45.28? Tell 14.102.45.17,1
